date,nav,daily_return_pct,cum_ret_pct,drawdown_pct,benchmark_nav,benchmark_cum_ret_pct
2026-09-22,100.0,0.0,0.0,0.0,100.0,0.0
2026-09-23,99.8667,-0.1333,-0.1333,-0.1333,99.2733,-0.7267
2026-09-24,100.0464,0.1799,0.0464,0.0,99.2524,-0.7476
2026-09-25,100.436,0.3894,0.436,0.0,99.9385,-0.0615
2026-09-28,100.4436,0.0076,0.4436,0.0,99.1834,-0.8166
2026-09-29,99.9707,-0.4708,-0.0293,-0.4708,99.0213,-0.9787
2026-09-30,99.1459,-0.825,-0.8541,-1.292,98.7958,-1.2042
2026-10-01,99.5177,0.375,-0.4823,-0.9218,99.0058,-0.9942
2026-10-02,100.1918,0.6773,0.1918,-0.2507,99.7374,-0.2626
2026-10-05,101.2725,1.0786,1.2725,0.0,100.4112,0.4112
2026-10-06,101.4365,0.1619,1.4365,0.0,100.9581,0.9581
